"Altitud, superfície i població. Municipis"
2022
Font: Institut Cartogràfic de Catalunya; Idescat. Padró municipal d'habitants.
Notes:
"- El Diari Oficial de la Generalitat de Catalunya (DOGC) va publicar el proppassat 2 de Juliol la Resolució PRE/2023/2021, de 29 de juny, per la qual es dona conformitat al canvi de  nom del municipi de Bigues i Riells, que passa a denominar-se Bigues i Riells del Fai."
"- El Diari Oficial de la Generalitat de Catalunya (DOGC) va publicar el proppassat 10 de febrer la Resolució PRE/215/2022, de 4 de febrer, per la qual es dona conformitat al canvi de nom del municipi de Sant Carles de la Ràpita, que passa a denominar-se la Ràpita."
Institut d'Estadística de Catalunya
https://www.idescat.cat/indicadors/?id=aec&n=15903&t=2019
Municipi,Comarca,Codi,Altitud (m),Superfície (km²),Població
Abella de la Conca,Pallars Jussà,250019,956,78.30,167
Abrera,Baix Llobregat,080018,105,19.90,12697
Àger,Noguera,250024,642,160.60,580
Agramunt,Urgell,250030,337,79.70,5479
Aguilar de Segarra,Bages,080023,480,43.30,287
Agullana,Alt Empordà,170010,166,27.70,903
Aiguafreda,Vallès Oriental,080142,404,7.90,2552
Aiguamúrcia,Alt Camp,430017,314,73.00,961
Aiguaviva,Gironès,170025,169,13.90,780
Aitona,Segrià,250387,110,66.90,2521
"Alamús, els",Segrià,250045,212,20.50,781
Alàs i Cerc,Alt Urgell,250058,768,57.70,329
"Albagés, l'",Garrigues,250061,372,25.70,348
Albanyà,Alt Empordà,170031,239,94.40,180
Albatàrrec,Segrià,250077,147,10.50,2217
Albesa,Noguera,250083,237,37.60,1579
"Albi, l'",Garrigues,250096,526,32.50,755
Albinyana,Baix Penedès,430022,198,19.40,2581
"Albiol, l'",Baix Camp,430038,823,20.30,528
Albons,Baix Empordà,170046,25,11.10,797
Alcanar,Montsià,430043,72,47.10,9612
Alcanó,Segrià,250100,214,21.00,240
Alcarràs,Segrià,250117,137,114.30,9637
Alcoletge,Segrià,250122,213,16.70,3470
Alcover,Alt Camp,430056,243,46.00,5290
"Aldea, l'",Baix Ebre,439044,9,35.20,4332
Aldover,Baix Ebre,430069,14,20.20,862
"Aleixar, l'",Baix Camp,430075,262,26.10,924
Alella,Maresme,080039,90,9.60,10079
Alfara de Carles,Baix Ebre,430081,334,63.90,359
Alfarràs,Segrià,250138,281,11.40,2795
Alfés,Segrià,250143,236,31.90,300
Alforja,Baix Camp,430094,374,38.20,1928
Algerri,Noguera,250156,345,54.30,422
Alguaire,Segrià,250169,304,50.10,3040
Alins,Pallars Sobirà,250175,1048,183.20,285
Alió,Alt Camp,430108,263,7.30,496
Almacelles,Segrià,250194,247,49.00,6922
Almatret,Segrià,250208,462,56.80,302
Almenar,Segrià,250215,329,66.60,3401
Almoster,Baix Camp,430115,290,6.00,1334
Alòs de Balaguer,Noguera,250220,297,69.10,121
Alp,Cerdanya,170062,1158,44.30,1717
Alpens,Osona,080044,855,13.80,281
Alpicat,Segrià,250236,264,15.30,6333
Alt Àneu,Pallars Sobirà,250241,1076,217.80,441
Altafulla,Tarragonès,430120,52,7.00,5609
Amer,Selva,170078,186,40.10,2422
"Ametlla de Mar, l'",Baix Ebre,430136,19,66.90,7209
"Ametlla del Vallès, l'",Vallès Oriental,080057,281,14.20,9020
"Ampolla, l'",Baix Ebre,439060,8,35.70,3563
Amposta,Montsià,430141,8,138.30,21807
Anglès,Selva,170084,181,16.30,5682
Anglesola,Urgell,250273,335,23.50,1350
Arbeca,Garrigues,250292,332,58.30,2100
"Arboç, l'",Baix Penedès,430167,166,14.10,5604
Arbolí,Baix Camp,430154,714,20.80,122
Arbúcies,Selva,170097,291,86.20,6474
Arenys de Mar,Maresme,080060,10,6.80,16155
Arenys de Munt,Maresme,080076,121,21.30,9278
Argelaguer,Garrotxa,170101,183,12.50,439
Argençola,Anoia,080082,716,47.10,216
"Argentera, l'",Baix Camp,430173,344,10.10,126
Argentona,Maresme,080095,88,25.40,12745
"Armentera, l'",Alt Empordà,170118,7,5.60,1043
Arnes,Terra Alta,430189,506,43.00,448
Arres,Val d'Aran,250313,1224,11.60,61
Arsèguel,Alt Urgell,250328,950,10.60,80
Artés,Bages,080109,316,17.90,5902
Artesa de Lleida,Segrià,250334,202,23.90,1505
Artesa de Segre,Noguera,250349,318,175.90,3470
Ascó,Ribera d'Ebre,430192,70,73.60,1601
Aspa,Segrià,250365,256,10.20,221
"Avellanes i Santa Linya, les",Noguera,250371,567,103.00,459
Avià,Berguedà,080116,677,27.20,2237
Avinyó,Bages,080121,353,63.20,2270
Avinyonet de Puigventós,Alt Empordà,170123,70,12.30,1676
Avinyonet del Penedès,Alt Penedès,080137,280,29.10,1706
Badalona,Barcelonès,080155,6,21.20,223506
Badia del Vallès,Vallès Occidental,089045,120,0.90,13163
Bagà,Berguedà,080168,785,43.10,2167
Baix Pallars,Pallars Sobirà,250390,591,129.40,345
Balaguer,Noguera,250404,233,57.30,17460
Balenyà,Osona,080174,587,17.40,3948
Balsareny,Bages,080180,327,36.90,3249
Banyeres del Penedès,Baix Penedès,430206,173,12.20,3271
Banyoles,Pla de l'Estany,170157,172,11.10,20187
Barbens,Pla d'Urgell,250411,283,7.60,979
Barberà de la Conca,Conca de Barberà,430213,475,26.60,486
Barberà del Vallès,Vallès Occidental,082520,146,8.30,33082
Barcelona,Barcelonès,080193,9,101.40,1636193
"Baronia de Rialb, la",Noguera,250426,388,145.10,229
Bàscara,Alt Empordà,170160,66,17.50,1034
Bassella,Alt Urgell,250447,423,70.30,223
Batea,Terra Alta,430228,376,128.40,1863
Bausen,Val d'Aran,250450,931,17.70,66
Begues,Baix Llobregat,080207,399,50.40,7450
Begur,Baix Empordà,170139,200,20.70,4177
Belianes,Urgell,250463,373,15.70,508
Bellaguarda,Garrigues,251706,640,17.10,288
Bellcaire d'Empordà,Baix Empordà,170182,35,12.60,713
Bellcaire d'Urgell,Noguera,250479,267,31.40,1229
Bell-lloc d'Urgell,Pla d'Urgell,250485,196,34.90,2342
Bellmunt d'Urgell,Noguera,250498,379,5.10,178
Bellmunt del Priorat,Priorat,430234,261,8.90,272
Bellprat,Anoia,080214,653,31.00,74
Bellpuig,Urgell,250501,308,35.00,5168
Bellvei,Baix Penedès,430249,108,8.30,2346
Bellver de Cerdanya,Cerdanya,250518,1061,98.20,2176
Bellvís,Pla d'Urgell,250523,207,46.70,2243
Benavent de Segrià,Segrià,250539,234,7.40,1563
Benifallet,Baix Ebre,430252,19,62.40,739
Benissanet,Ribera d'Ebre,430265,26,23.10,1169
Berga,Berguedà,080229,704,22.60,16762
Besalú,Garrotxa,170195,151,4.90,2480
Bescanó,Gironès,170209,102,35.90,5156
Beuda,Garrotxa,170216,338,35.90,202
Bigues i Riells del Fai,Vallès Oriental,080235,307,28.60,9757
Biosca,Segarra,250557,455,66.20,182
"Bisbal d'Empordà, la",Baix Empordà,170221,39,20.60,11163
"Bisbal de Falset, la",Priorat,430271,372,14.10,219
"Bisbal del Penedès, la",Baix Penedès,430287,189,32.50,4062
Biure,Alt Empordà,172348,81,10.00,249
Blancafort,Conca de Barberà,430290,428,14.50,394
Blanes,Selva,170237,13,17.70,40579
Boadella i les Escaules,Alt Empordà,170293,82,10.80,258
Bolvir,Cerdanya,170242,1145,10.30,518
Bonastre,Baix Penedès,430304,177,25.00,742
"Bòrdes, Es",Val d'Aran,250576,852,21.40,282
Bordils,Gironès,170255,42,7.30,1815
"Borges Blanques, les",Garrigues,250582,304,61.60,6248
"Borges del Camp, les",Baix Camp,430311,238,8.20,2148
Borrassà,Alt Empordà,170268,73,9.50,776
Borredà,Berguedà,080240,854,43.50,448
Bossòst,Val d'Aran,250595,710,28.20,1121
Bot,Terra Alta,430326,286,34.90,566
Botarell,Baix Camp,430332,196,12.00,1102
Bovera,Garrigues,250560,297,31.10,263
Bràfim,Alt Camp,430347,236,6.40,687
Breda,Selva,170274,169,5.00,3842
"Bruc, el",Anoia,080253,489,47.20,2218
"Brull, el",Osona,080266,843,41.00,278
Brunyola i Sant Martí Sapresa,Selva,170280,247,36.80,388
Cabacés,Priorat,430350,358,31.30,304
Cabanabona,Noguera,250609,421,14.20,62
Cabanelles,Alt Empordà,170314,194,55.60,279
Cabanes,Alt Empordà,170307,26,15.00,949
"Cabanyes, les",Alt Penedès,080272,252,1.20,999
Cabó,Alt Urgell,250616,768,80.30,98
Cabra del Camp,Alt Camp,430363,493,27.00,1254
Cabrera d'Anoia,Anoia,080288,299,17.00,1606
Cabrera de Mar,Maresme,080291,104,9.00,4848
Cabrils,Maresme,080305,147,7.10,7729
Cadaqués,Alt Empordà,170329,23,26.40,2889
Calaf,Anoia,080312,680,9.20,3590
Calafell,Baix Penedès,430379,67,20.40,29102
Calders,Moianès,080348,552,33.10,1101
Caldes d'Estrac,Maresme,080327,33,0.90,3148
Caldes de Malavella,Selva,170335,84,57.30,8196
Caldes de Montbui,Vallès Oriental,080333,203,37.50,17932
Calella,Maresme,080351,5,8.00,19363
Calldetenes,Osona,080370,489,5.80,2532
Callús,Bages,080386,260,12.50,2122
Calonge de Segarra,Anoia,080364,688,37.20,195
Calonge i Sant Antoni,Baix Empordà,170340,22,33.60,11712
Camarasa,Noguera,250621,321,157.10,786
Camarles,Baix Ebre,439039,13,25.20,3309
Cambrils,Baix Camp,430385,24,35.20,35675
Camós,Pla de l'Estany,170353,168,15.70,715
Campdevànol,Ripollès,170366,738,32.60,3217
Campelles,Ripollès,170372,1303,18.60,162
Campins,Vallès Oriental,080399,321,7.30,557
Campllong,Gironès,170388,113,8.60,535
Camprodon,Ripollès,170391,947,103.40,2469
Canejan,Val d'Aran,250637,906,48.30,92
Canet d'Adri,Gironès,170405,217,44.40,750
Canet de Mar,Maresme,080403,15,5.60,14845
"Canonja, la",Tarragonès,439076,50,7.30,5873
Canovelles,Vallès Oriental,080410,175,6.70,16761
Cànoves i Samalús,Vallès Oriental,080425,346,29.20,3289
Cantallops,Alt Empordà,170412,200,19.60,330
Canyelles,Garraf,080431,142,14.20,5007
Capafonts,Baix Camp,430398,751,13.40,121
Capçanes,Priorat,430402,223,22.50,407
Capellades,Anoia,080446,317,2.90,5344
Capmany,Alt Empordà,170427,107,26.40,672
Capolat,Berguedà,080459,1279,34.10,89
Cardedeu,Vallès Oriental,080462,193,12.10,18785
Cardona,Bages,080478,507,66.70,4575
Carme,Anoia,080484,351,11.70,754
Caseres,Terra Alta,430419,324,42.90,233
Cassà de la Selva,Gironès,170448,137,45.20,10680
Casserres,Berguedà,080497,611,29.50,1646
Castell de l'Areny,Berguedà,080575,954,24.40,69
Castell de Mur,Pallars Jussà,259046,532,62.40,171
Castellar de la Ribera,Solsonès,250642,657,60.20,135
Castellar de n'Hug,Berguedà,080522,1395,47.10,176
Castellar del Riu,Berguedà,080500,920,32.70,175
Castellar del Vallès,Vallès Occidental,080517,331,44.90,24933
Castellbell i el Vilar,Bages,080538,178,28.50,3889
Castellbisbal,Vallès Occidental,080543,132,31.00,12735
Castellcir,Moianès,080556,773,34.20,778
Castelldans,Garrigues,250674,353,65.10,895
Castelldefels,Baix Llobregat,080569,3,12.90,67307
Castellet i la Gornal,Alt Penedès,080581,137,47.50,2474
Castellfollit de la Roca,Garrotxa,170464,296,0.70,926
Castellfollit de Riubregós,Anoia,080608,467,26.20,159
Castellfollit del Boix,Bages,080594,700,58.90,460
Castellgalí,Bages,080615,266,17.20,2236
Castellnou de Bages,Bages,080620,469,29.20,1431
Castellnou de Seana,Pla d'Urgell,250680,269,16.10,715
Castelló d'Empúries,Alt Empordà,170470,17,42.30,11611
Castelló de Farfanya,Noguera,250693,358,52.60,508
Castellolí,Anoia,080636,415,25.30,636
Castell-Platja d'Aro,Baix Empordà,170486,5,21.80,11757
Castellserà,Urgell,250707,267,15.80,961
Castellterçol,Moianès,080641,726,31.90,2655
Castellvell del Camp,Baix Camp,430424,219,5.20,2946
Castellví de la Marca,Alt Penedès,080654,198,28.40,1614
Castellví de Rosanes,Baix Llobregat,080667,178,16.40,2096
"Catllar, el",Tarragonès,430430,59,26.40,4921
Cava,Alt Urgell,250714,1335,42.20,51
"Cellera de Ter, la",Selva,171899,166,14.60,1967
Celrà,Gironès,170499,71,19.50,5503
Centelles,Osona,080673,496,15.20,7641
Cercs,Berguedà,082687,650,47.40,1169
Cerdanyola del Vallès,Vallès Occidental,082665,82,30.60,57291
Cervelló,Baix Llobregat,080689,122,24.10,9307
Cervera,Segarra,250729,548,55.20,9393
Cervià de les Garrigues,Garrigues,250735,444,34.20,642
Cervià de Ter,Gironès,170502,45,9.90,999
Cistella,Alt Empordà,170519,130,25.60,307
Ciutadilla,Urgell,250740,519,17.00,190
Clariana de Cardener,Solsonès,250753,500,40.80,162
"Cogul, el",Garrigues,250766,279,17.50,151
Colera,Alt Empordà,170545,10,24.40,468
Coll de Nargó,Alt Urgell,250772,573,151.40,548
Collbató,Baix Llobregat,080692,388,18.10,4726
Colldejou,Baix Camp,430458,431,14.50,172
Collsuspina,Moianès,080706,901,15.10,398
Colomers,Baix Empordà,170558,41,4.40,204
"Coma i la Pedra, la",Solsonès,251636,1004,60.60,278
Conca de Dalt,Pallars Jussà,251615,507,166.50,427
Conesa,Conca de Barberà,430461,705,29.00,109
Constantí,Tarragonès,430477,81,30.90,6685
Copons,Anoia,080713,432,18.70,333
Corbera d'Ebre,Terra Alta,430483,337,53.10,993
Corbera de Llobregat,Baix Llobregat,080728,342,18.40,15210
Corbins,Segrià,250788,211,21.00,1462
Corçà,Baix Empordà,170577,43,16.30,1268
Cornellà de Llobregat,Baix Llobregat,080734,27,7.00,89039
Cornellà del Terri,Pla de l'Estany,170561,96,27.70,2407
Cornudella de Montsant,Priorat,430496,533,63.50,978
Creixell,Tarragonès,430509,48,10.50,3981
Crespià,Pla de l'Estany,170583,138,11.40,276
"Cruïlles, Monells i Sant Sadurní de l'Heura",Baix Empordà,179011,110,99.80,1338
Cubelles,Garraf,080749,12,13.50,16386
Cubells,Noguera,250791,499,39.20,356
Cunit,Baix Penedès,430516,10,9.70,14622
Darnius,Alt Empordà,170600,193,34.90,535
Das,Cerdanya,170617,1219,14.60,267
Deltebre,Baix Ebre,439018,6,107.40,11656
Dosrius,Maresme,080752,147,40.70,5710
Duesaigües,Baix Camp,430537,268,13.60,232
"Escala, l'",Alt Empordà,170622,14,16.30,10520
Esparreguera,Baix Llobregat,080765,187,27.40,22365
Espinelves,Osona,170638,752,17.40,248
"Espluga Calba, l'",Garrigues,250812,434,21.50,331
"Espluga de Francolí, l'",Conca de Barberà,430542,411,57.00,3698
Esplugues de Llobregat,Baix Llobregat,080771,110,4.60,46414
Espolla,Alt Empordà,170643,124,43.60,408
Esponellà,Pla de l'Estany,170656,142,16.10,489
Espot,Pallars Sobirà,250827,1318,97.30,377
"Espunyola, l'",Berguedà,080787,803,35.50,265
"Esquirol, l'",Osona,082541,693,61.80,2245
Estamariu,Alt Urgell,250886,1084,21.20,128
"Estany, l'",Moianès,080790,870,10.30,391
Estaràs,Segarra,250851,596,21.00,169
Esterri d'Àneu,Pallars Sobirà,250864,957,8.50,841
Esterri de Cardós,Pallars Sobirà,250870,1212,16.60,62
Falset,Priorat,430555,364,31.60,2740
"Far d'Empordà, el",Alt Empordà,170059,44,9.00,625
Farrera,Pallars Sobirà,250899,1294,61.90,121
"Fatarella, la",Terra Alta,430568,487,56.50,891
"Febró, la",Baix Camp,430574,754,16.10,39
Figaró-Montmany,Vallès Oriental,081347,330,15.00,1108
Fígols,Berguedà,080804,1154,29.30,45
Fígols i Alinyà,Alt Urgell,259084,602,101.80,266
"Figuera, la",Priorat,430580,576,18.70,123
Figueres,Alt Empordà,170669,39,19.30,47088
Figuerola del Camp,Alt Camp,430593,474,22.70,332
Flaçà,Gironès,170675,34,6.50,1130
Flix,Ribera d'Ebre,430607,47,116.90,3426
"Floresta, la",Garrigues,250925,316,5.50,154
Fogars de la Selva,Selva,080826,45,32.10,1564
Fogars de Montclús,Vallès Oriental,080811,386,39.70,493
Foixà,Baix Empordà,170681,85,18.80,288
Folgueroles,Osona,080832,552,10.50,2254
Fondarella,Pla d'Urgell,250931,243,5.40,778
Fonollosa,Bages,080847,525,51.70,1546
Fontanals de Cerdanya,Cerdanya,170694,1180,28.70,533
Fontanilles,Baix Empordà,170708,29,9.30,163
Fontcoberta,Pla de l'Estany,170715,207,17.30,1466
Font-rubí,Alt Penedès,080850,319,37.40,1446
Foradada,Noguera,250946,455,28.60,191
Forallac,Baix Empordà,179026,51,50.60,1765
Forès,Conca de Barberà,430614,866,16.00,48
Fornells de la Selva,Gironès,170736,102,11.90,2693
Fortià,Alt Empordà,170741,8,10.80,778
"Franqueses del Vallès, les",Vallès Oriental,080863,181,29.10,20322
Freginals,Montsià,430629,126,17.60,388
"Fuliola, la",Urgell,250962,275,11.10,1238
Fulleda,Garrigues,250978,581,16.20,98
Gaià,Bages,080902,481,39.50,179
"Galera, la",Montsià,430635,112,27.50,700
Gallifa,Vallès Occidental,080879,502,16.30,186
Gandesa,Terra Alta,430640,363,71.20,3100
Garcia,Ribera d'Ebre,430653,73,52.40,527
"Garidells, els",Alt Camp,430666,132,3.10,196
"Garriga, la",Vallès Oriental,080885,252,18.80,16788
Garrigàs,Alt Empordà,170754,101,19.90,458
Garrigoles,Baix Empordà,170767,92,9.40,177
Garriguella,Alt Empordà,170773,56,21.00,922
Gavà,Baix Llobregat,080898,9,30.80,46974
Gavet de la Conca,Pallars Jussà,250984,421,90.90,261
Gelida,Alt Penedès,080919,196,26.70,7814
Ger,Cerdanya,170789,1135,33.40,512
Gimenells i el Pla de la Font,Segrià,259123,258,55.80,1109
Ginestar,Ribera d'Ebre,430672,26,15.80,790
Girona,Gironès,170792,70,39.10,102666
Gironella,Berguedà,080924,469,6.80,4940
Gisclareny,Berguedà,080930,1340,36.50,28
Godall,Montsià,430688,168,33.60,609
Golmés,Pla d'Urgell,250997,275,16.60,1893
Gombrèn,Ripollès,170806,919,43.30,200
Gósol,Berguedà,251001,1423,56.30,233
"Granada, la",Alt Penedès,080945,272,6.50,2207
"Granadella, la",Garrigues,251018,528,88.70,724
Granera,Moianès,080958,782,23.70,80
"Granja d'Escarp, la",Segrià,251023,78,38.50,923
Granollers,Vallès Oriental,080961,145,14.90,61983
Granyanella,Segarra,251039,508,24.40,136
Granyena de les Garrigues,Garrigues,251057,366,20.50,147
Granyena de Segarra,Segarra,251044,636,16.30,157
Gratallops,Priorat,430691,321,13.50,236
Gualba,Vallès Oriental,080977,177,23.30,1610
Gualta,Baix Empordà,170813,15,9.00,439
Guardiola de Berguedà,Berguedà,080996,720,61.70,918
"Guiamets, els",Priorat,430705,226,12.10,279
Guils de Cerdanya,Cerdanya,170828,1385,22.00,573
Guimerà,Urgell,251095,555,25.80,261
"Guingueta d'Àneu, la",Pallars Sobirà,259031,919,108.40,298
Guissona,Segarra,251109,484,18.10,7390
Guixers,Solsonès,251116,840,66.40,132
Gurb,Osona,081000,516,51.60,2702
Horta de Sant Joan,Terra Alta,430712,542,119.00,1154
"Hospitalet de Llobregat, l'",Barcelonès,081017,8,12.40,265444
"Hostalets de Pierola, els",Anoia,081629,361,33.50,3127
Hostalric,Selva,170834,189,3.40,4370
Igualada,Anoia,081022,313,8.10,40767
Isona i Conca Dellà,Pallars Jussà,251155,659,139.40,1057
Isòvol,Cerdanya,170849,1088,10.80,318
Ivars d'Urgell,Pla d'Urgell,251137,265,24.30,1560
Ivars de Noguera,Noguera,251121,314,27.10,327
Ivorra,Segarra,251142,567,15.40,100
Jafre,Baix Empordà,170852,44,6.60,386
"Jonquera, la",Alt Empordà,170865,110,56.90,3317
Jorba,Anoia,081038,380,30.90,806
Josa i Tuixén,Alt Urgell,259101,1206,68.20,105
Juià,Gironès,170871,94,8.40,334
Juncosa,Garrigues,251180,575,76.50,401
Juneda,Garrigues,251193,264,47.30,3558
Les,Val d'Aran,251214,634,23.50,970
Linyola,Pla d'Urgell,251229,248,28.70,2723
"Llacuna, la",Anoia,081043,615,52.20,942
Lladó,Alt Empordà,170887,197,13.50,827
Lladorre,Pallars Sobirà,251235,1052,147.00,254
Lladurs,Solsonès,251240,834,128.00,190
"Llagosta, la",Vallès Oriental,081056,45,3.00,13155
Llagostera,Gironès,170890,160,76.40,9024
Llambilles,Gironès,170904,143,14.60,731
Llanars,Ripollès,170911,983,24.70,533
Llançà,Alt Empordà,170926,4,28.00,4905
Llardecans,Segrià,251253,397,66.00,421
Llavorsí,Pallars Sobirà,251266,811,68.50,343
Lleida,Segrià,251207,155,212.30,140797
Llers,Alt Empordà,170932,142,21.30,1245
Lles de Cerdanya,Cerdanya,251272,1471,102.80,286
Lliçà d'Amunt,Vallès Oriental,081075,145,22.30,15801
Lliçà de Vall,Vallès Oriental,081081,125,10.80,6760
Llimiana,Pallars Jussà,251288,790,41.70,146
Llinars del Vallès,Vallès Oriental,081069,198,27.60,10205
Llívia,Cerdanya,170947,1224,12.90,1495
"Lloar, el",Priorat,430727,219,6.60,104
Llobera,Solsonès,251291,855,39.20,202
Llorac,Conca de Barberà,430733,648,23.30,96
Llorenç del Penedès,Baix Penedès,430748,162,4.60,2393
Lloret de Mar,Selva,170950,5,48.70,38941
"Llosses, les",Ripollès,170963,895,114.00,205
Lluçà,Osona,081094,745,53.00,279
Maçanet de Cabrenys,Alt Empordà,171024,370,67.90,724
Maçanet de la Selva,Selva,171030,100,45.60,7572
Madremanya,Gironès,170979,177,13.70,302
Maià de Montcal,Garrotxa,170985,241,17.30,462
Maials,Segrià,251333,395,57.10,911
Maldà,Urgell,251305,428,31.40,234
Malgrat de Mar,Maresme,081108,4,8.80,19093
Malla,Osona,081115,580,11.00,272
Manlleu,Osona,081120,461,17.20,20883
Manresa,Bages,081136,238,41.70,77452
Marçà,Priorat,430764,315,16.10,593
Margalef,Priorat,430751,379,34.70,107
Marganell,Bages,082423,291,13.50,282
Martorell,Baix Llobregat,081141,56,12.80,28684
Martorelles,Vallès Oriental,081154,96,3.60,4859
Mas de Barberans,Montsià,430770,348,78.80,556
Masarac,Alt Empordà,171002,85,12.60,294
Masdenverge,Montsià,430786,54,14.60,1129
"Masies de Roda, les",Osona,081167,468,16.40,733
"Masies de Voltregà, les",Osona,081173,533,22.40,3133
Masllorenç,Baix Penedès,430799,304,6.60,547
"Masnou, el",Maresme,081189,27,3.40,23829
"Masó, la",Alt Camp,430803,115,3.60,285
Maspujols,Baix Camp,430810,214,3.70,859
Masquefa,Anoia,081192,257,17.10,9744
"Masroig, el",Priorat,430825,192,15.50,479
Massalcoreig,Segrià,251312,94,14.10,589
Massanes,Selva,171019,164,26.10,825
Massoteres,Segarra,251327,502,26.10,220
Matadepera,Vallès Occidental,081206,423,25.40,9752
Mataró,Maresme,081213,28,22.50,128956
Mediona,Alt Penedès,081228,430,47.60,2517
Menàrguens,Noguera,251348,205,20.30,774
Meranges,Cerdanya,170998,1539,37.30,111
Mieres,Garrotxa,171058,286,26.30,341
"Milà, el",Alt Camp,430831,166,4.10,189
Miralcamp,Pla d'Urgell,251351,287,14.90,1364
Miravet,Ribera d'Ebre,430846,43,32.30,682
Moià,Moianès,081385,717,75.30,6548
"Molar, el",Priorat,430859,228,22.80,296
Molins de Rei,Baix Llobregat,081234,37,15.90,26242
Mollerussa,Pla d'Urgell,251370,250,7.10,14730
Mollet de Peralada,Alt Empordà,171061,59,6.00,202
Mollet del Vallès,Vallès Oriental,081249,65,10.80,51294
Molló,Ripollès,171077,1182,43.10,365
"Molsosa, la",Solsonès,251364,667,26.90,99
Monistrol de Calders,Moianès,081287,447,22.00,742
Monistrol de Montserrat,Bages,081271,161,11.80,3166
Montagut i Oix,Garrotxa,171096,276,93.70,958
Montblanc,Conca de Barberà,430862,350,91.10,7410
Montbrió del Camp,Baix Camp,430884,132,10.70,3073
Montcada i Reixac,Vallès Occidental,081252,36,23.50,36666
Montclar,Berguedà,081304,728,21.90,136
Montellà i Martinet,Cerdanya,251399,967,55.00,615
Montesquiu,Osona,081311,577,4.90,1059
Montferrer i Castellbò,Alt Urgell,251403,732,176.70,1083
Montferri,Alt Camp,430897,229,19.20,419
Montgai,Noguera,251386,286,28.90,647
Montgat,Maresme,081265,20,2.90,12277
Montmajor,Berguedà,081326,756,76.50,484
Montmaneu,Anoia,081332,709,13.60,166
"Montmell, el",Baix Penedès,430901,429,72.80,1863
Montmeló,Vallès Oriental,081350,72,4.00,8793
Montoliu de Lleida,Segrià,251425,166,7.30,494
Montoliu de Segarra,Segarra,251410,689,29.50,180
Montornès de Segarra,Segarra,251431,605,12.30,92
Montornès del Vallès,Vallès Oriental,081363,116,10.20,16707
Mont-ral,Alt Camp,430918,888,34.70,173
Mont-ras,Baix Empordà,171100,88,12.30,1676
Mont-roig del Camp,Baix Camp,430923,120,63.30,13101
Montseny,Vallès Oriental,081379,528,26.80,370
Móra d'Ebre,Ribera d'Ebre,430939,38,45.10,5585
Móra la Nova,Ribera d'Ebre,430944,31,15.90,3198
"Morell, el",Tarragonès,430957,104,5.90,3803
"Morera de Montsant, la",Priorat,430960,743,52.90,160
Muntanyola,Osona,081290,807,40.30,700
Mura,Bages,081398,454,47.80,232
Nalec,Urgell,251459,487,9.30,95
Naut Aran,Val d'Aran,250254,1267,255.80,1923
Navarcles,Bages,081402,269,5.50,6067
Navàs,Bages,081419,370,80.60,6018
Navata,Alt Empordà,171117,145,18.50,1465
Navès,Solsonès,251462,610,145.30,305
"Nou de Berguedà, la",Berguedà,081424,876,25.00,179
"Nou de Gaià, la",Tarragonès,430976,93,4.30,636
Nulles,Alt Camp,430982,231,10.60,541
Odèn,Solsonès,251484,1130,114.40,252
Òdena,Anoia,081430,421,52.70,3728
Ogassa,Ripollès,171122,951,45.20,222
Olèrdola,Alt Penedès,081458,189,30.20,3884
Olesa de Bonesvalls,Alt Penedès,081461,265,30.80,2016
Olesa de Montserrat,Baix Llobregat,081477,124,16.60,24272
Oliana,Alt Urgell,251497,469,32.40,1849
Oliola,Noguera,251500,452,86.30,196
Olius,Solsonès,251517,742,54.80,985
Olivella,Garraf,081483,211,38.80,4339
Olost,Osona,081496,572,29.40,1206
Olot,Garrotxa,171143,443,29.00,36716
"Oluges, les",Segarra,251522,528,19.00,166
Olvan,Berguedà,081445,553,35.60,876
"Omellons, els",Garrigues,251538,385,11.10,198
"Omells de na Gaia, els",Urgell,251543,560,13.50,127
Ordis,Alt Empordà,171156,98,8.60,373
Organyà,Alt Urgell,251556,558,12.50,796
Orís,Osona,081509,576,27.20,347
Oristà,Osona,081516,468,68.50,573
Orpí,Anoia,081521,375,15.20,159
Òrrius,Maresme,081537,259,5.70,793
Os de Balaguer,Noguera,251569,463,136.00,1046
Osor,Selva,171169,340,52.10,423
Ossó de Sió,Urgell,251575,391,26.30,193
Pacs del Penedès,Alt Penedès,081542,201,6.30,935
Palafolls,Maresme,081555,16,16.60,9661
Palafrugell,Baix Empordà,171175,64,26.90,23396
Palamós,Baix Empordà,171181,12,14.00,18145
"Palau d'Anglesola, el",Pla d'Urgell,251581,250,12.30,2191
Palau de Santa Eulàlia,Alt Empordà,171194,86,8.40,115
Palau-sator,Baix Empordà,171215,20,12.40,327
Palau-saverdera,Alt Empordà,171208,78,16.50,1472
Palau-solità i Plegamans,Vallès Occidental,081568,130,14.90,14911
"Pallaresos, els",Tarragonès,431009,120,5.10,4930
Pallejà,Baix Llobregat,081574,41,8.30,11593
"Palma d'Ebre, la",Ribera d'Ebre,430995,335,37.90,341
"Palma de Cervelló, la",Baix Llobregat,089058,100,5.50,3026
Palol de Revardit,Pla de l'Estany,171236,152,18.00,457
Pals,Baix Empordà,171241,55,25.80,2548
"Papiol, el",Baix Llobregat,081580,135,9.00,4274
Pardines,Ripollès,171254,1226,31.10,165
Parets del Vallès,Vallès Oriental,081593,98,9.10,18889
Parlavà,Baix Empordà,171267,40,6.20,415
Passanant i Belltall,Conca de Barberà,431016,714,27.40,170
Pau,Alt Empordà,171289,33,10.70,579
Paüls,Baix Ebre,431021,378,43.80,566
Pedret i Marzà,Alt Empordà,171292,22,8.70,181
Penelles,Noguera,251641,276,25.50,430
"Pera, la",Baix Empordà,171306,93,11.50,438
Perafita,Osona,081607,754,19.60,418
Perafort,Tarragonès,431037,125,9.50,1292
Peralada,Alt Empordà,171328,32,43.60,1974
Peramola,Alt Urgell,251654,566,56.20,348
"Perelló, el",Baix Ebre,431042,142,100.70,2885
Piera,Anoia,081614,324,57.20,16787
"Piles, les",Conca de Barberà,431055,676,22.40,224
Pineda de Mar,Maresme,081635,10,10.70,28083
"Pinell de Brai, el",Terra Alta,431068,189,57.00,1000
Pinell de Solsonès,Solsonès,251667,800,91.10,190
Pinós,Solsonès,251673,823,104.30,291
Pira,Conca de Barberà,431074,385,8.00,489
"Pla de Santa Maria, el",Alt Camp,431080,381,35.00,2340
"Pla del Penedès, el",Alt Penedès,081640,216,9.60,1335
"Planes d'Hostoles, les",Garrotxa,171334,370,37.50,1745
Planoles,Ripollès,171349,1136,18.80,307
"Plans de Sió, els",Segarra,259118,412,55.90,490
"Poal, el",Pla d'Urgell,251689,216,8.90,667
"Pobla de Cérvoles, la",Garrigues,251692,663,61.90,209
"Pobla de Claramunt, la",Anoia,081653,265,18.50,2275
"Pobla de Lillet, la",Berguedà,081666,843,51.50,1079
"Pobla de Mafumet, la",Tarragonès,431093,98,6.20,4052
"Pobla de Massaluca, la",Terra Alta,431107,357,43.40,340
"Pobla de Montornès, la",Tarragonès,431114,56,12.30,3101
"Pobla de Segur, la",Pallars Jussà,251713,524,32.80,3055
Poboleda,Priorat,431129,343,14.00,327
Polinyà,Vallès Occidental,081672,123,8.80,8451
"Pont d'Armentera, el",Alt Camp,431135,349,21.70,492
"Pont de Bar, el",Alt Urgell,250306,861,42.60,163
Pont de Molins,Alt Empordà,171352,43,8.70,542
"Pont de Suert, el",Alta Ribagorça,251734,838,148.10,2336
"Pont de Vilomara i Rocafort, el",Bages,081825,202,27.40,4024
Pontils,Conca de Barberà,431418,551,67.60,133
Pontons,Alt Penedès,081688,584,25.90,507
Pontós,Alt Empordà,171365,94,13.70,274
Ponts,Noguera,251728,363,30.50,2661
Porqueres,Pla de l'Estany,171371,148,33.50,4712
Porrera,Priorat,431140,316,28.80,429
"Port de la Selva, el",Alt Empordà,171404,12,41.60,1015
Portbou,Alt Empordà,171387,28,9.20,1090
"Portella, la",Segrià,251749,259,12.30,718
Pradell de la Teixeta,Priorat,431153,463,21.80,172
Prades,Baix Camp,431166,950,32.60,625
Prat de Comte,Terra Alta,431172,363,26.40,186
"Prat de Llobregat, el",Baix Llobregat,081691,8,31.40,65030
Pratdip,Baix Camp,431188,245,36.30,693
Prats de Lluçanès,Osona,081712,707,13.80,2627
"Prats de Rei, els",Anoia,081705,608,26.10,554
Prats i Sansor,Cerdanya,251752,1124,6.60,260
Preixana,Urgell,251765,328,21.50,404
Preixens,Noguera,251771,315,28.70,422
Premià de Dalt,Maresme,082303,142,6.60,10400
Premià de Mar,Maresme,081727,8,2.10,28518
"Preses, les",Garrotxa,171390,474,9.40,1875
Prullans,Cerdanya,251790,1096,21.20,264
Puigcerdà,Cerdanya,171411,1202,18.90,9484
Puigdàlber,Alt Penedès,081748,239,0.40,555
Puiggròs,Garrigues,251804,334,9.90,257
Puigpelat,Alt Camp,431191,252,9.50,1199
Puig-reig,Berguedà,081751,455,45.80,4327
Puigverd d'Agramunt,Urgell,251811,366,17.00,253
Puigverd de Lleida,Segrià,251826,219,12.50,1398
Pujalt,Anoia,081764,770,31.40,204
"Quar, la",Berguedà,081770,885,38.30,47
Quart,Gironès,171426,91,38.10,3906
Queralbs,Ripollès,170433,1236,93.50,191
Querol,Alt Camp,431205,565,72.30,572
Rabós,Alt Empordà,171432,106,45.10,210
Rajadell,Bages,081786,361,45.50,545
"Ràpita, la",Montsià,431362,11,53.70,14767
Rasquera,Ribera d'Ebre,431212,174,51.30,822
Regencós,Baix Empordà,171447,78,6.30,271
Rellinars,Vallès Occidental,081799,322,17.80,915
Renau,Tarragonès,431227,175,8.20,152
Reus,Baix Camp,431233,117,52.80,106741
Rialp,Pallars Sobirà,251832,725,63.30,675
"Riba, la",Alt Camp,431248,263,8.00,552
Riba-roja d'Ebre,Ribera d'Ebre,431251,76,99.10,1131
Ribera d'Ondara,Segarra,259059,570,54.50,441
Ribera d'Urgellet,Alt Urgell,251850,702,107.00,920
Ribes de Freser,Ripollès,171450,912,41.90,1810
Riells i Viabrea,Selva,171463,96,27.00,4279
"Riera de Gaià, la",Tarragonès,431264,28,8.80,1752
Riner,Solsonès,251863,830,47.10,280
Ripoll,Ripollès,171479,691,73.70,10641
Ripollet,Vallès Occidental,081803,79,4.30,39031
Riu de Cerdanya,Cerdanya,259139,1173,12.30,100
Riudarenes,Selva,171485,84,47.60,2337
Riudaura,Garrotxa,171498,572,23.60,511
Riudecanyes,Baix Camp,431270,195,17.10,1279
Riudecols,Baix Camp,431286,299,19.50,1198
Riudellots de la Selva,Selva,171501,98,13.10,2072
Riudoms,Baix Camp,431299,125,32.40,6721
Riumors,Alt Empordà,171518,7,6.50,244
"Roca del Vallès, la",Vallès Oriental,081810,123,36.90,10776
Rocafort de Queralt,Conca de Barberà,431303,566,8.50,241
Roda de Berà,Tarragonès,431310,57,16.50,7591
Roda de Ter,Osona,081831,443,2.20,6555
Rodonyà,Alt Camp,431325,312,8.50,506
Roquetes,Baix Ebre,431331,14,136.90,8193
Roses,Alt Empordà,171523,5,45.90,19907
Rosselló,Segrià,251898,252,9.90,3278
"Rourell, el",Alt Camp,431346,114,2.30,395
Rubí,Vallès Occidental,081846,123,32.30,79007
Rubió,Anoia,081859,629,48.00,244
Rupià,Baix Empordà,171539,66,5.30,300
Rupit i Pruit,Osona,089019,822,47.80,279
Sabadell,Vallès Occidental,081878,190,37.80,215760
Sagàs,Berguedà,081884,738,44.60,157
Salàs de Pallars,Pallars Jussà,251902,573,20.30,345
Saldes,Berguedà,081901,1215,66.40,298
Sales de Llierca,Garrotxa,171544,260,35.80,169
Sallent,Bages,081918,278,65.20,6805
Salomó,Tarragonès,431359,165,12.20,543
Salou,Tarragonès,439057,2,15.10,29028
Salt,Gironès,171557,83,6.60,32517
Sanaüja,Segarra,251919,409,33.00,392
Sant Adrià de Besòs,Barcelonès,081944,14,3.80,36918
Sant Agustí de Lluçanès,Osona,081957,816,13.20,100
Sant Andreu de la Barca,Baix Llobregat,081960,42,5.50,26965
Sant Andreu de Llavaneres,Maresme,081976,114,11.80,11593
Sant Andreu Salou,Gironès,171576,132,6.00,162
Sant Aniol de Finestres,Garrotxa,171833,289,47.70,363
Sant Antoni de Vilamajor,Vallès Oriental,081982,258,13.70,6483
Sant Bartomeu del Grau,Osona,081995,868,34.40,924
Sant Boi de Llobregat,Baix Llobregat,082009,30,21.50,83371
Sant Boi de Lluçanès,Osona,082016,813,19.50,575
Sant Cebrià de Vallalta,Maresme,082037,71,15.70,3619
Sant Celoni,Vallès Oriental,082021,152,65.20,18285
Sant Climent de Llobregat,Baix Llobregat,082042,87,10.80,4170
Sant Climent Sescebes,Alt Empordà,171582,86,24.40,696
Sant Cugat del Vallès,Vallès Occidental,082055,124,48.20,95725
Sant Cugat Sesgarrigues,Alt Penedès,082068,266,6.20,1009
Sant Esteve de la Sarga,Pallars Jussà,251961,875,92.90,123
Sant Esteve de Palautordera,Vallès Oriental,082074,231,10.60,3043
Sant Esteve Sesrovires,Baix Llobregat,082080,183,18.60,7889
Sant Feliu de Buixalleu,Selva,171595,402,61.90,839
Sant Feliu de Codines,Vallès Oriental,082107,480,15.00,6460
Sant Feliu de Guíxols,Baix Empordà,171609,4,16.20,22149
Sant Feliu de Llobregat,Baix Llobregat,082114,25,11.80,45642
Sant Feliu de Pallerols,Garrotxa,171616,473,34.90,1495
Sant Feliu Sasserra,Bages,082129,617,22.40,611
Sant Ferriol,Garrotxa,171621,146,42.20,256
Sant Fost de Campsentelles,Vallès Oriental,082093,112,13.20,9064
Sant Fruitós de Bages,Bages,082135,247,22.20,9025
Sant Gregori,Gironès,171637,112,49.20,4085
Sant Guim de Freixenet,Segarra,251924,738,25.10,1120
Sant Guim de la Plana,Segarra,251977,556,12.50,182
Sant Hilari Sacalm,Selva,171642,803,83.30,5836
Sant Hipòlit de Voltregà,Osona,082153,536,0.90,3644
Sant Iscle de Vallalta,Maresme,081939,129,17.80,1433
Sant Jaume d'Enveja,Montsià,439023,7,60.80,3669
Sant Jaume de Frontanyà,Berguedà,082166,1072,21.30,31
Sant Jaume de Llierca,Garrotxa,171655,203,6.80,842
Sant Jaume dels Domenys,Baix Penedès,431378,213,24.50,2695
Sant Joan de les Abadesses,Ripollès,171674,773,53.70,3274
Sant Joan de Mollet,Gironès,171680,54,3.20,515
Sant Joan de Vilatorrada,Bages,082188,277,16.40,10820
Sant Joan Despí,Baix Llobregat,082172,10,6.20,34039
Sant Joan les Fonts,Garrotxa,171851,342,31.90,3054
Sant Jordi Desvalls,Gironès,171668,57,11.70,830
Sant Julià de Cerdanyola,Berguedà,089030,954,11.80,241
Sant Julià de Ramis,Gironès,171693,128,18.80,3623
Sant Julià de Vilatorta,Osona,082205,600,15.90,3193
Sant Julià del Llor i Bonmatí,Selva,179032,160,9.70,1347
Sant Just Desvern,Baix Llobregat,082212,122,7.80,19806
Sant Llorenç d'Hortons,Alt Penedès,082227,196,19.70,2503
Sant Llorenç de la Muga,Alt Empordà,171714,173,31.80,267
Sant Llorenç de Morunys,Solsonès,251930,925,4.30,1000
Sant Llorenç Savall,Vallès Occidental,082233,466,41.10,2524
Sant Martí d'Albars,Osona,082251,629,14.70,119
Sant Martí de Centelles,Osona,082248,404,25.60,1232
Sant Martí de Llémena,Gironès,171729,256,43.10,679
Sant Martí de Riucorb,Urgell,259025,409,34.90,646
Sant Martí de Tous,Anoia,082264,465,39.20,1243
Sant Martí Sarroca,Alt Penedès,082270,291,35.30,3313
Sant Martí Sesgueioles,Anoia,082286,646,3.90,361
Sant Martí Vell,Gironès,171735,65,17.50,261
Sant Mateu de Bages,Bages,082299,569,102.90,628
Sant Miquel de Campmajor,Pla de l'Estany,171740,217,33.20,239
Sant Miquel de Fluvià,Alt Empordà,171753,28,3.50,808
Sant Mori,Alt Empordà,171766,51,7.50,159
Sant Pau de Segúries,Ripollès,171772,867,8.70,732
Sant Pere de Ribes,Garraf,082310,44,40.80,31688
Sant Pere de Riudebitlles,Alt Penedès,082325,246,5.40,2404
Sant Pere de Torelló,Osona,082331,621,55.10,2514
Sant Pere de Vilamajor,Vallès Oriental,082346,305,34.70,4815
Sant Pere Pescador,Alt Empordà,171788,5,18.50,2079
Sant Pere Sallavinera,Anoia,081897,588,22.00,167
Sant Pol de Mar,Maresme,082359,15,7.50,5680
Sant Quintí de Mediona,Alt Penedès,082362,326,13.80,2393
Sant Quirze de Besora,Osona,082378,587,8.10,2142
Sant Quirze del Vallès,Vallès Occidental,082384,188,14.10,20180
Sant Quirze Safaja,Moianès,082397,627,26.20,672
Sant Ramon,Segarra,251945,641,18.50,480
Sant Sadurní d'Anoia,Alt Penedès,082401,162,19.00,12863
Sant Sadurní d'Osormort,Osona,082418,531,30.60,90
Sant Salvador de Guardiola,Bages,080983,334,37.20,3351
Sant Vicenç de Castellet,Bages,082628,176,17.10,9949
Sant Vicenç de Montalt,Maresme,082649,143,8.10,6661
Sant Vicenç de Torelló,Osona,082652,555,6.60,2077
Sant Vicenç dels Horts,Baix Llobregat,082634,22,9.10,28079
Santa Bàrbara,Montsià,431384,79,28.20,3791
Santa Cecília de Voltregà,Osona,082439,519,8.60,185
Santa Coloma de Cervelló,Baix Llobregat,082444,73,7.50,8309
Santa Coloma de Farners,Selva,171805,142,70.60,13557
Santa Coloma de Gramenet,Barcelonès,082457,56,7.00,117981
Santa Coloma de Queralt,Conca de Barberà,431397,674,33.90,2755
Santa Cristina d'Aro,Baix Empordà,171812,30,67.60,5585
Santa Eugènia de Berga,Osona,082460,538,7.00,2256
Santa Eulàlia de Riuprimer,Osona,082476,568,13.80,1401
Santa Eulàlia de Ronçana,Vallès Oriental,082482,236,14.20,7740
Santa Fe del Penedès,Alt Penedès,082495,240,3.40,370
Santa Llogaia d'Àlguema,Alt Empordà,171827,42,1.90,379
Santa Margarida de Montbui,Anoia,082508,316,27.60,10294
Santa Margarida i els Monjos,Alt Penedès,082515,161,17.20,7624
Santa Maria d'Oló,Moianès,082589,542,66.20,1063
Santa Maria de Besora,Osona,082536,866,24.70,159
Santa Maria de Martorelles,Vallès Oriental,082567,181,4.50,889
Santa Maria de Merlès,Berguedà,082554,532,52.10,184
Santa Maria de Miralles,Anoia,082573,543,25.00,138
Santa Maria de Palautordera,Vallès Oriental,082592,208,16.90,9777
Santa Oliva,Baix Penedès,431401,101,9.70,3560
Santa Pau,Garrotxa,171848,496,49.00,1605
Santa Perpètua de Mogoda,Vallès Occidental,082606,74,15.80,25930
Santa Susanna,Maresme,082613,10,12.60,3755
Santpedor,Bages,081923,336,16.60,7612
Sarral,Conca de Barberà,431423,467,52.40,1578
Sarrià de Ter,Gironès,171864,70,4.20,5294
Sarroca de Bellera,Pallars Jussà,252017,1002,87.50,113
Sarroca de Lleida,Segrià,252000,201,42.20,365
"Saus, Camallera i Llampaies",Alt Empordà,171870,86,11.40,865
Savallà del Comtat,Conca de Barberà,431439,825,14.80,52
"Secuita, la",Tarragonès,431444,169,17.80,1765
"Selva de Mar, la",Alt Empordà,171886,48,7.20,220
"Selva del Camp, la",Baix Camp,431457,246,35.30,5696
Senan,Conca de Barberà,431460,652,11.70,44
"Sénia, la",Montsià,430445,369,108.40,5475
Senterada,Pallars Jussà,252022,729,34.50,161
"Sentiu de Sió, la",Noguera,250352,281,29.60,417
Sentmenat,Vallès Occidental,082671,207,28.80,9417
Serinyà,Pla de l'Estany,171903,188,17.40,1153
Seròs,Segrià,252043,103,85.80,1890
Serra de Daró,Baix Empordà,171910,15,7.90,233
Setcases,Ripollès,171925,1265,49.10,200
"Seu d'Urgell, la",Alt Urgell,252038,691,15.50,12261
Seva,Osona,082690,663,30.40,3736
Sidamon,Pla d'Urgell,252056,232,8.10,759
Sils,Selva,171931,76,29.90,6507
Sitges,Garraf,082704,10,43.90,31222
Siurana,Alt Empordà,170524,33,10.50,178
Sobremunt,Osona,082711,881,13.80,83
"Soleràs, el",Garrigues,252069,381,12.20,330
Solivella,Conca de Barberà,431476,489,21.40,628
Solsona,Solsonès,252075,664,17.70,9131
Sora,Osona,082726,716,31.70,219
Soriguera,Pallars Sobirà,252081,1258,106.40,429
Sort,Pallars Sobirà,252094,692,105.10,2192
Soses,Segrià,252108,118,30.20,1784
Subirats,Alt Penedès,082732,243,55.90,3241
Sudanell,Segrià,252115,152,8.70,873
Sunyer,Segrià,252120,211,12.70,332
Súria,Bages,082747,326,23.60,5921
Susqueda,Selva,171946,816,50.60,96
Tagamanent,Vallès Oriental,082763,354,43.30,340
Talamanca,Bages,082779,552,29.40,219
Talarn,Pallars Jussà,252154,572,28.00,562
Talavera,Segarra,252167,791,30.10,291
"Tallada d'Empordà, la",Baix Empordà,171959,20,16.60,480
Taradell,Osona,082785,623,26.50,6699
Tarragona,Tarragonès,431482,68,57.90,134883
Tàrrega,Urgell,252173,373,88.40,17810
Tarrés,Garrigues,252189,578,13.00,105
Tarroja de Segarra,Segarra,252192,460,7.60,175
Tavèrnoles,Osona,082750,537,18.80,329
Tavertet,Osona,082802,869,32.50,116
Teià,Maresme,082819,128,6.60,6635
Térmens,Noguera,252206,208,27.50,1363
Terrades,Alt Empordà,171962,228,21.00,345
Terrassa,Vallès Occidental,082798,277,70.20,224114
Tiana,Maresme,082824,136,8.00,9110
Tírvia,Pallars Sobirà,252213,991,8.50,132
Tiurana,Noguera,252228,387,15.90,71
Tivenys,Baix Ebre,431495,13,53.50,923
Tivissa,Ribera d'Ebre,431508,309,209.40,1643
Tona,Osona,082830,596,16.50,8368
Torà,Segarra,252234,448,93.30,1224
Tordera,Maresme,082845,34,84.10,18022
Torelló,Osona,082858,508,13.50,14726
"Torms, els",Garrigues,252249,476,13.80,149
Tornabous,Urgell,252252,289,24.20,847
"Torre de Cabdella, la",Pallars Jussà,252271,1075,165.30,764
"Torre de Claramunt, la",Anoia,082861,363,15.00,3966
"Torre de Fontaubella, la",Priorat,431515,369,7.10,125
"Torre de l'Espanyol, la",Ribera d'Ebre,431520,164,27.90,598
Torrebesses,Segrià,252265,287,27.50,300
Torredembarra,Tarragonès,431536,15,8.70,17256
Torrefarrera,Segrià,252287,214,23.50,4730
Torrefeta i Florejacs,Segarra,259078,475,88.90,621
Torregrossa,Pla d'Urgell,252304,232,40.50,2155
Torrelameu,Noguera,252311,201,10.90,765
Torrelavit,Alt Penedès,082877,202,23.70,1457
Torrelles de Foix,Alt Penedès,082883,367,36.70,2557
Torrelles de Llobregat,Baix Llobregat,082896,126,13.60,6186
Torrent,Baix Empordà,171978,44,8.00,166
Torres de Segre,Segrià,252326,119,50.60,2248
Torre-serona,Segrià,252332,197,5.90,387
Torroella de Fluvià,Alt Empordà,171984,9,16.90,741
Torroella de Montgrí,Baix Empordà,171997,31,65.90,12061
Torroja del Priorat,Priorat,431541,332,13.20,141
Tortellà,Garrotxa,172001,276,11.10,823
Tortosa,Baix Ebre,431554,12,218.50,33890
Toses,Ripollès,172018,1444,57.90,185
Tossa de Mar,Selva,172023,5,38.60,5956
Tremp,Pallars Jussà,252347,468,302.80,5847
Ullà,Baix Empordà,172044,21,7.30,1195
Ullastrell,Vallès Occidental,082900,342,7.30,2139
Ullastret,Baix Empordà,172057,49,11.10,250
Ulldecona,Montsià,431567,133,126.90,6241
Ulldemolins,Priorat,431573,650,38.20,409
Ultramort,Baix Empordà,172039,30,4.40,224
Urús,Cerdanya,172060,1263,17.40,214
Vacarisses,Vallès Occidental,082917,382,40.70,7325
"Vajol, la",Alt Empordà,170144,546,4.70,87
"Vall d'en Bas, la",Garrotxa,172076,510,90.70,3143
"Vall de Bianya, la",Garrotxa,172082,367,93.60,1345
"Vall de Boí, la",Alta Ribagorça,250432,1111,219.50,1090
Vall de Cardós,Pallars Sobirà,259010,898,56.20,386
Vallbona d'Anoia,Anoia,082922,289,6.50,1387
Vallbona de les Monges,Urgell,252385,481,34.10,227
Vallcebre,Berguedà,082938,1123,28.00,268
Vallclara,Conca de Barberà,431589,625,13.60,88
Vallfogona de Balaguer,Noguera,252402,235,27.00,1935
Vallfogona de Ripollès,Ripollès,171707,956,39.20,222
Vallfogona de Riucorb,Conca de Barberà,431592,573,10.90,89
Vallgorguina,Vallès Oriental,082943,222,22.10,3144
Vallirana,Baix Llobregat,082956,177,23.90,15658
Vall-llobrega,Baix Empordà,172095,49,5.50,926
Vallmoll,Alt Camp,431606,161,16.70,1882
Vallromanes,Vallès Oriental,082969,153,10.70,2632
Valls,Alt Camp,431613,215,55.30,24727
"Valls d'Aguilar, les",Alt Urgell,259062,669,123.80,274
"Valls de Valira, les",Alt Urgell,252398,740,171.30,794
Vandellòs i l'Hospitalet de l'Infant,Baix Camp,431628,281,102.70,6750
"Vansa i Fórnols, la",Alt Urgell,259097,989,106.10,166
Veciana,Anoia,082975,564,38.90,182
"Vendrell, el",Baix Penedès,431634,49,36.80,39072
Ventalló,Alt Empordà,172109,28,25.10,911
Verdú,Urgell,252424,434,35.80,851
Verges,Baix Empordà,172116,23,9.70,1162
Vespella de Gaià,Tarragonès,431649,191,18.00,496
Vic,Osona,082981,484,30.60,47545
Vidrà,Osona,172121,982,34.40,181
Vidreres,Selva,172137,93,48.10,8167
Vielha e Mijaran,Val d'Aran,252430,974,211.70,5581
Vilabella,Alt Camp,431652,254,18.20,711
Vilabertran,Alt Empordà,172142,19,2.30,991
Vilablareix,Gironès,172155,99,6.20,3396
Vilada,Berguedà,082994,757,22.30,439
Viladamat,Alt Empordà,172174,13,11.70,479
Viladasens,Gironès,172168,96,15.70,216
Viladecans,Baix Llobregat,083015,18,20.40,66720
Viladecavalls,Vallès Occidental,083008,274,20.10,7644
Vilademuls,Pla de l'Estany,172180,120,61.50,840
Viladrau,Osona,172207,821,50.70,1103
Vilafant,Alt Empordà,172214,54,8.40,5562
Vilafranca del Penedès,Alt Penedès,083054,223,19.70,40056
Vilagrassa,Urgell,252445,355,19.90,605
Vilajuïga,Alt Empordà,172235,31,13.10,1142
Vilalba dels Arcs,Terra Alta,431750,450,67.30,634
Vilalba Sasserra,Vallès Oriental,083067,200,6.10,748
Vilaller,Alta Ribagorça,252458,981,59.20,532
Vilallonga de Ter,Ripollès,172240,1067,64.20,410
Vilallonga del Camp,Tarragonès,431665,124,9.00,2398
Vilamacolum,Alt Empordà,172253,5,5.60,386
Vilamalla,Alt Empordà,172266,45,8.80,1166
Vilamaniscle,Alt Empordà,172272,169,5.50,204
Vilamòs,Val d'Aran,252477,1255,15.40,172
Vilanant,Alt Empordà,172288,98,16.90,401
Vilanova d'Escornalbou,Baix Camp,431671,226,17.20,594
Vilanova de Bellpuig,Pla d'Urgell,252483,290,14.00,1179
Vilanova de l'Aguda,Noguera,252496,409,53.70,200
Vilanova de la Barca,Segrià,252542,195,21.60,1110
Vilanova de Meià,Noguera,252509,633,105.20,413
Vilanova de Prades,Conca de Barberà,431687,893,21.50,107
Vilanova de Sau,Osona,083036,558,58.80,320
Vilanova de Segrià,Segrià,252516,255,8.50,1021
Vilanova del Camí,Anoia,083020,302,10.30,12699
Vilanova del Vallès,Vallès Oriental,089024,91,15.20,5557
Vilanova i la Geltrú,Garraf,083073,22,34.00,68152
Vilaplana,Baix Camp,431690,366,23.20,540
Vila-rodona,Alt Camp,431704,259,33.10,1341
Vila-sacra,Alt Empordà,172305,16,6.00,785
Vila-sana,Pla d'Urgell,252521,249,19.10,767
Vila-seca,Tarragonès,431711,45,21.60,22681
Vilassar de Dalt,Maresme,082140,142,8.90,9128
Vilassar de Mar,Maresme,082191,10,4.00,21067
Vilaür,Alt Empordà,172229,65,5.50,162
Vilaverd,Conca de Barberà,431726,269,12.60,453
"Vilella Alta, la",Priorat,431732,327,5.20,136
"Vilella Baixa, la",Priorat,431747,218,5.60,202
Vilobí d'Onyar,Selva,172333,122,32.60,3304
Vilobí del Penedès,Alt Penedès,083041,286,9.30,1130
Vilopriu,Baix Empordà,172327,82,16.40,223
"Vilosell, el",Garrigues,252537,665,18.90,195
Vimbodí i Poblet,Conca de Barberà,431763,496,66.10,884
Vinaixa,Garrigues,252555,479,37.60,465
Vinebre,Ribera d'Ebre,431779,34,26.40,407
Vinyols i els Arcs,Baix Camp,431785,95,10.80,2258
Viver i Serrateix,Berguedà,083089,729,66.80,166
Xerta,Baix Ebre,430521,12,32.40,1150

